pincode,city,tier,localities
110001,delhi,1,Connaught Place
110002,delhi,1,Daryaganj
110003,delhi,1,Lodi Road
110004,delhi,1,
110005,delhi,1,Karol Bagh
110006,delhi,1,Old Delhi
110007,delhi,1,Kamla Nagar
110008,delhi,1,Patel Nagar
110009,delhi,1,Model Town
110010,delhi,1,Delhi Cantt
110011,delhi,1,
110012,delhi,1,Pusa
110013,delhi,1,Nizamuddin
110014,delhi,1,Jangpura
110015,delhi,1,Ramesh Nagar
110016,delhi,1,Hauz Khas | Green Park
110017,delhi,1,Malviya Nagar
110018,delhi,1,Tilak Nagar
110019,delhi,1,Kalkaji
110020,delhi,1,Okhla
110021,delhi,1,Chanakyapuri
110022,delhi,1,R.K. Puram
110023,delhi,1,Sarojini Nagar
110024,delhi,1,Lajpat Nagar | Defence Colony
110025,delhi,1,New Friends Colony | Okhla
110026,delhi,1,Punjabi Bagh
110027,delhi,1,Rajouri Garden | Tagore Garden
110028,delhi,1,Naraina
110029,delhi,1,Safdarjung Enclave
110030,delhi,1,Mehrauli
110031,delhi,1,Gandhi Nagar
110032,delhi,1,Shahdara
110033,delhi,1,Azadpur
110034,delhi,1,Pitampura
110035,delhi,1,Shakurpur
110036,delhi,1,Alipur
110037,delhi,1,Mahipalpur
110038,delhi,1,Rajokari
110039,delhi,1,Bawana
110040,delhi,1,Narela
110041,delhi,1,Nangloi
110042,delhi,1,Samaypur Badli
110043,delhi,1,Najafgarh
110044,delhi,1,Badarpur
110045,delhi,1,Palam
110046,delhi,1,Nangal Raya
110047,delhi,1,Arjun Garh
110048,delhi,1,Greater Kailash
110049,delhi,1,Andrews Ganj
110052,delhi,1,Ashok Vihar
110053,delhi,1,Bhajanpura
110054,delhi,1,Civil Lines
110055,delhi,1,Paharganj
110056,delhi,1,Shakur Basti
110057,delhi,1,Vasant Vihar
110058,delhi,1,Janakpuri
110059,delhi,1,Uttam Nagar
110060,delhi,1,Rajinder Nagar
110061,delhi,1,Palam
110062,delhi,1,Pushp Vihar
110063,delhi,1,Paschim Vihar
110064,delhi,1,Hari Nagar
110065,delhi,1,East of Kailash
110066,delhi,1,R.K. Puram
110067,delhi,1,Munirka
110068,delhi,1,Saket
110070,delhi,1,Vasant Kunj
110071,delhi,1,Chhawla
110072,delhi,1,Vasant Kunj
110073,delhi,1,Najafgarh
110074,delhi,1,Chhatarpur
110075,delhi,1,Dwarka
110076,delhi,1,Sarita Vihar
110077,delhi,1,Mahavir Enclave
110078,delhi,1,Dwarka
110080,delhi,1,Sangam Vihar
110081,delhi,1,Kanjhawala
110084,delhi,1,Burari
110085,delhi,1,Rohini
110086,delhi,1,Rohini
110088,delhi,1,Shalimar Bagh
110089,delhi,1,Rohini
110091,delhi,1,Mayur Vihar
110092,delhi,1,Preet Vihar | Laxmi Nagar
110093,delhi,1,Seelampur
110094,delhi,1,Karawal Nagar
110095,delhi,1,Vivek Vihar | Shahdara
110096,delhi,1,Mayur Vihar Phase III | Vasundhara Enclave
122001,gurgaon,1,South City 1
122002,gurgaon,1,DLF Phase 1 | DLF Phase 2 | Golf Course Road
122003,gurgaon,1,Sector 44 | Sector 45 | Sector 46 | Sector 52
122004,gurgaon,1,Sector 72 | Sector 73 | Sector 74 | Sector 75 | Sector 76 | Sector 77 | Sector 82 | Sector 83 | Sector 84 | Sector 85 | Sector 86 | Sector 88
122009,gurgaon,1,DLF Phase 4
122010,gurgaon,1,DLF Phase 3
122011,gurgaon,1,DLF Phase 5 | Golf Course Road | Sector 42 | Sector 43 | Sector 53 | Sector 54 | Sector 55 | Sector 56 | Sector 57 | Sector 58 | Sector 59 | Sector 60 | Sector 61
122016,gurgaon,1,Sector 21
122018,gurgaon,1,South City 2 | Sector 47 | Sector 49 | Sector 50 | Sector 51 | Sector 65 | Sector 66
122051,gurgaon,1,Manesar
122052,gurgaon,1,IMT Manesar
122101,gurgaon,1,Sector 67 | Sector 68 | Sector 69 | Sector 70 | Sector 71
122102,gurgaon,1,Sohna Road
122505,gurgaon,1,
201301,noida,1,Sector 12 | Sector 15 | Sector 16 | Sector 18 | Sector 19 | Sector 20 | Sector 21 | Sector 22 | Sector 27 | Sector 28 | Sector 29 | Sector 30 | Sector 50 | Sector 51 | Sector 52 | Sector 55 | Sector 56 | Sector 61 | Sector 62 | Sector 63 | Sector 71 | Sector 72 | Sector 74 | Sector 75 | Sector 76 | Sector 77 | Sector 78 | Sector 79
201303,noida,1,Sector 37 | Sector 41 | Sector 43 | Sector 44 | Sector 45 | Sector 46 | Sector 47
201304,noida,1,Sector 93 | Sector 100 | Sector 104 | Sector 107 | Sector 108 | Sector 110
201305,noida,1,Sector 135 | Sector 136 | Sector 137 | Sector 140 | Sector 141 | Sector 142
201306,noida,1,Sector 142 | Sector 143 | Sector 144 | Sector 145 | Sector 146 | Sector 147 | Sector 148 | Sector 149 | Sector 150 | Sector 151 | Sector 152 | gaur-city | techzone | surajpur
201310,noida,1,Sector 150 | Sector 152 | alpha | beta | gamma | delta | knowledge-park | pari-chowk | jaypee-greens | kasna
203201,greater-noida,2,
203207,greater-noida,2,Dadri
400001,mumbai,1,Fort
400002,mumbai,1,Kalbadevi
400004,mumbai,1,Girgaon
400005,mumbai,1,Colaba
400006,mumbai,1,Malabar Hill
400007,mumbai,1,Grant Road
400008,mumbai,1,Mumbai Central
400010,mumbai,1,Mazgaon
400012,mumbai,1,Parel
400014,mumbai,1,Dadar
400015,mumbai,1,Sewri
400016,mumbai,1,Mahim
400018,mumbai,1,Worli
400019,mumbai,1,Matunga
400021,mumbai,1,Nariman Point
400022,mumbai,1,Sion
400025,mumbai,1,Prabhadevi
400026,mumbai,1,Cumballa Hill
400028,mumbai,1,Dadar
400031,mumbai,1,Wadala
400034,mumbai,1,Tardeo
400037,mumbai,1,Antop Hill
400049,mumbai,1,Juhu
400050,mumbai,1,Bandra West
400051,mumbai,1,Bandra East
400052,mumbai,1,Khar
400053,mumbai,1,Andheri West
400054,mumbai,1,Santacruz West
400056,mumbai,1,Vile Parle
400058,mumbai,1,Andheri
400059,mumbai,1,Andheri East
400061,mumbai,1,Versova
400063,mumbai,1,Goregaon East
400064,mumbai,1,Malad West
400065,mumbai,1,Goregaon East
400067,mumbai,1,Kandivali West
400068,mumbai,1,Dahisar
400070,mumbai,1,Kurla
400076,mumbai,1,Powai
400078,mumbai,1,Vikhroli
400080,mumbai,1,Mulund
400081,mumbai,1,Mulund East
400083,mumbai,1,Bhandup
400086,mumbai,1,Ghatkopar
400088,mumbai,1,Chembur
400093,mumbai,1,Andheri East
400096,mumbai,1,Jogeshwari East
400097,mumbai,1,Malad East
400101,mumbai,1,Kandivali East
400102,mumbai,1,Jogeshwari West
400104,mumbai,1,Goregaon West
400701,mumbai,1,Vashi
400703,mumbai,1,Nerul
400705,mumbai,1,Sanpada
400706,mumbai,1,Nerul
400708,mumbai,1,Airoli
411001,pune,1,Pune Camp
411004,pune,1,Deccan
411005,pune,1,Shivajinagar
411007,pune,1,Aundh
411008,pune,1,Pune University Area
411011,pune,1,Sadashiv Peth
411013,pune,1,Hadapsar
411014,pune,1,Kharadi
411017,pune,1,Pimpri
411018,pune,1,Pimpri
411019,pune,1,Chinchwad
411021,pune,1,Kothrud
411022,pune,1,Viman Nagar
411023,pune,1,Bavdhan
411024,pune,1,Warje
411027,pune,1,Pimple Saudagar
411028,pune,1,Hadapsar
411030,pune,1,Deccan Gymkhana
411033,pune,1,Chinchwad
411034,pune,1,Pimpri
411036,pune,1,Dhanori
411038,pune,1,Kothrud
411040,pune,1,Wanowrie
411041,pune,1,Kondhwa
411043,pune,1,Bibwewadi
411045,pune,1,Baner
411046,pune,1,Katraj
411047,pune,1,Lohegaon
411048,pune,1,NIBM | Kondhwa
411051,pune,1,Anandnagar
411052,pune,1,Karve Nagar
411057,pune,1,Hinjawadi
411058,pune,1,Wakad
411060,pune,1,Sus
411061,pune,1,Pashan
411062,pune,1,Balewadi
560001,bangalore,1,
560003,bangalore,1,Vasanth Nagar
560004,bangalore,1,Basavanagudi
560005,bangalore,1,Fraser Town
560008,bangalore,1,Indiranagar
560010,bangalore,1,Rajajinagar
560011,bangalore,1,Jayanagar
560016,bangalore,1,Ramamurthy Nagar
560017,bangalore,1,Domlur
560020,bangalore,1,Seshadripuram
560022,bangalore,1,Malleswaram
560025,bangalore,1,Richmond Town
560027,bangalore,1,Wilson Garden
560029,bangalore,1,Koramangala
560030,bangalore,1,Adugodi
560034,bangalore,1,Koramangala
560035,bangalore,1,Sarjapur Road
560037,bangalore,1,Marathahalli
560038,bangalore,1,Indiranagar
560040,bangalore,1,Vijayanagar
560043,bangalore,1,Kalyan Nagar
560045,bangalore,1,Nagawara
560047,bangalore,1,Viveknagar
560048,bangalore,1,Hoodi
560049,bangalore,1,Whitefield
560050,bangalore,1,Banashankari
560053,bangalore,1,Chickpet
560066,bangalore,1,Whitefield
560068,bangalore,1,Bommanahalli
560076,bangalore,1,Bannerghatta Road
560078,bangalore,1,JP Nagar
560083,bangalore,1,Bannerghatta Road
560085,bangalore,1,Banashankari
560095,bangalore,1,Koramangala
560100,bangalore,1,Electronic City
560102,bangalore,1,HSR Layout
560103,bangalore,1,Bellandur
560114,bangalore,1,Begur
575001,mangalore,2,
575002,mangalore,2,Hampankatta
575003,mangalore,2,Kodialbail
575004,mangalore,2,Kadri
575005,mangalore,2,Kottara
575006,mangalore,2,Bejai
575007,mangalore,2,Derebail
575008,mangalore,2,Kulshekar
575009,mangalore,2,Valencia
575010,mangalore,2,Bolar
575011,mangalore,2,Jeppu
575013,mangalore,2,Kankanady
575015,mangalore,2,Attavar
575016,mangalore,2,Urwa
575017,mangalore,2,Kavoor
575018,mangalore,2,Surathkal
575019,mangalore,2,Panambur
575020,mangalore,2,Katipalla
575021,mangalore,2,Ullal
575022,mangalore,2,Konaje
575023,mangalore,2,Mudipu
575025,mangalore,2,Bajpe
575028,mangalore,2,Bondel
575029,mangalore,2,Kulur
575030,mangalore,2,Nantoor
575031,mangalore,2,Pumpwell
575036,mangalore,2,
